{"cameraMode":{"drawMode":0,"name":"Shaded","section":"Shading Mode"},"sceneLighting":false,"audioPlay":false,"sceneViewState":{"showFog":true,"showMaterialUpdate":false,"showSkybox":true,"showFlares":true,"showImageEffects":true,"showParticleSystems":true},"in2DMode":false,"pivot":{"x":0.1756601333618164,"y":-2.9627304077148439,"z":-1.2012535333633423},"rotation":{"x":-0.048691391944885257,"y":0.7489724159240723,"z":-0.05538194999098778,"w":-0.6584905385971069},"size":5.791790008544922,"orthographic":false}