{"cameraMode":{"drawMode":0,"name":"Shaded","section":"Shading Mode"},"sceneLighting":true,"audioPlay":false,"sceneViewState":{"showFog":true,"showMaterialUpdate":false,"showSkybox":true,"showFlares":true,"showImageEffects":true,"showParticleSystems":true},"in2DMode":false,"pivot":{"x":-3.1224172115325929,"y":5.3336591720581059,"z":3.333900213241577},"rotation":{"x":-0.39881742000579836,"y":-0.23842023313045503,"z":0.10819347202777863,"w":-0.8788623809814453},"size":36.02616882324219,"orthographic":true}