{"cameraMode":{"drawMode":0,"name":"Shaded","section":"Shading Mode"},"sceneLighting":true,"audioPlay":false,"sceneViewState":{"showFog":true,"showMaterialUpdate":false,"showSkybox":true,"showFlares":true,"showImageEffects":true,"showParticleSystems":true},"in2DMode":false,"pivot":{"x":0.0,"y":0.48000001907348635,"z":-0.23100000619888307},"rotation":{"x":0.09908615797758103,"y":0.36003032326698305,"z":-0.03848883509635925,"w":0.9268655180931091},"size":0.8660253882408142,"orthographic":true}